<?xml version="1.0" encoding="UTF-8"?>
<project-private xmlns="http://www.netbeans.org/ns/project-private/1">
    <editor-bookmarks xmlns="http://www.netbeans.org/ns/editor-bookmarks/2" lastBookmarkId="0"/>
    <open-files xmlns="http://www.netbeans.org/ns/projectui-open-files/2">
        <group>
            <file>file:/J:/java/%20E-TicketSystem/src/e/ticketsystem/eTicket.java</file>
            <file>file:/J:/java/%20E-TicketSystem/src/e/ticketsystem/Login.java</file>
            <file>file:/J:/java/%20E-TicketSystem/src/e/ticketsystem/main.java</file>
        </group>
    </open-files>
</project-private>
